use coursetest;

SET foreign_key_checks = 0;

INSERT Assignments (`Id`, `CourseId`, `Name`, `Description`, `MaxGrade`, `Order`, `CreateBy`, `CreateOn`, `UpdateBy`, `UpdateOn`, `GradeScale`) values (1, 1, 'Bài tập tuần 1 đã sửa', 'Bài tập tuần 1 - Phát triển web nâng cao', 100, 6, 'tanhank2k', CAST('2021-12-01T14:39:02.8807164' AS DATETIME(6)), 'tanhank2k', CAST('2022-01-14T18:50:38.2377070' AS DATETIME(6)), 0.3);
INSERT Assignments (`Id`, `CourseId`, `Name`, `Description`, `MaxGrade`, `Order`, `CreateBy`, `CreateOn`, `UpdateBy`, `UpdateOn`, `GradeScale`) VALUES (2, 1, 'Bài tập tuần 2 đã sửa', 'Bài tập tuần 2 - Phát triển web nâng cao', 110, 3, 'tanhank2k', CAST('2021-12-01T14:39:49.2989509' AS DATETIME(6)), 'tanhank2k', CAST('2021-12-01T21:21:52.7628680' AS DATETIME(6)), 0.3);
INSERT Assignments (`Id`, `CourseId`, `Name`, `Description`, `MaxGrade`, `Order`, `CreateBy`, `CreateOn`, `UpdateBy`, `UpdateOn`, `GradeScale`) VALUES (3, 1, 'Bài tập tuần 3', 'Bài tập tuần 3 - Phát triển web nâng cao', 100, 1, 'tanhank2k', CAST('2021-12-01T14:40:00.9412905' AS DATETIME(6)), 'tanhank2k', CAST('2021-12-01T14:40:00.9412937' AS DATETIME(6)), 0);
INSERT Assignments (`Id`, `CourseId`, `Name`, `Description`, `MaxGrade`, `Order`, `CreateBy`, `CreateOn`, `UpdateBy`, `UpdateOn`, `GradeScale`) VALUES (5, 1, 'Bài 4', 'Không có', 10, 2, 'tanhank2k', CAST('2021-12-01T20:55:06.8241545' AS DATETIME(6)), 'tanhank2k', CAST('2022-01-14T18:50:10.9263668' AS DATETIME(6)), 0);
INSERT Assignments (`Id`, `CourseId`, `Name`, `Description`, `MaxGrade`, `Order`, `CreateBy`, `CreateOn`, `UpdateBy`, `UpdateOn`, `GradeScale`) VALUES (17, 13, 'no name', NULL, 10, 1, 'test', CAST('2022-01-16T01:06:43.4187210' AS DATETIME(6)), 'test', CAST('2022-01-16T01:06:43.4187861' AS DATETIME(6)), 0);
INSERT Assignments (`Id`, `CourseId`, `Name`, `Description`, `MaxGrade`, `Order`, `CreateBy`, `CreateOn`, `UpdateBy`, `UpdateOn`, `GradeScale`) VALUES (18, 5, 'test', NULL, 100, 1, 'tanhank2k', CAST('2022-01-16T15:59:23.0405887' AS DATETIME(6)), 'tanhank2k', CAST('2022-01-16T15:59:23.0405896' AS DATETIME(6)), 0);
INSERT Assignments (`Id`, `CourseId`, `Name`, `Description`, `MaxGrade`, `Order`, `CreateBy`, `CreateOn`, `UpdateBy`, `UpdateOn`, `GradeScale`) VALUES (20, 5, 'sadsadasd', NULL, 0, 3, 'tanhank2k', CAST('2022-01-16T16:00:20.6162336' AS DATETIME(6)), 'tanhank2k', CAST('2022-01-16T16:00:20.6162345' AS DATETIME(6)), 0);
INSERT Assignments (`Id`, `CourseId`, `Name`, `Description`, `MaxGrade`, `Order`, `CreateBy`, `CreateOn`, `UpdateBy`, `UpdateOn`, `GradeScale`) VALUES (21, 5, '', NULL, 10, 3, 'tanhank2k', CAST('2022-01-16T16:00:28.2327747' AS DATETIME(6)), 'tanhank2k', CAST('2022-01-16T16:00:28.2327756' AS DATETIME(6)), 0);

INSERT Course (`Id`, `SubjectId`, `GradeId`, `Title`, `Description`, `Credits`, `Schedule`, `CreateBy`, `CreateOn`, `UpdateBy`, `UpdateOn`, `CourseCode`) VALUES (1, 0, 0, 'Phát triển ứng dụng Web', 'Phát triển ứng dụng Web', 0, 'T2', 'tanhank2k', CAST('2021-11-23T10:18:52.6968262' AS DATETIME(6)), 'tanhank2k', CAST('2021-11-23T10:18:52.6969368' AS DATETIME(6)), 'P8TSL5HVMOIQBNFGF5A9');
INSERT Course (`Id`, `SubjectId`, `GradeId`, `Title`, `Description`, `Credits`, `Schedule`, `CreateBy`, `CreateOn`, `UpdateBy`, `UpdateOn`, `CourseCode`) VALUES (2, 0, 0, 'Toán rời rạc', 'Toán rời rạc', 0, 'T3', 'tanhank2k', CAST('2021-11-23T10:22:09.1863414' AS DATETIME(6)), 'tanhank2k', CAST('2021-11-23T10:22:09.1863453' AS DATETIME(6)), 'P8TSL5HVMOIQBNFGF5A6');
INSERT Course (`Id`, `SubjectId`, `GradeId`, `Title`, `Description`, `Credits`, `Schedule`, `CreateBy`, `CreateOn`, `UpdateBy`, `UpdateOn`, `CourseCode`) VALUES (3, 0, 0, 'Phương pháp tính', 'Phương pháp tính', 0, 'T2', 'tanhank2k', CAST('2021-11-23T16:41:23.3408629' AS DATETIME(6)), 'tanhank2k', CAST('2021-11-23T16:41:23.3409264' AS DATETIME(6)), 'P8TSL5HVMOIQBNFGF5A3');
INSERT Course (`Id`, `SubjectId`, `GradeId`, `Title`, `Description`, `Credits`, `Schedule`, `CreateBy`, `CreateOn`, `UpdateBy`, `UpdateOn`, `CourseCode`) VALUES (4, 0, 0, 'Kỹ thuật lập trình', 'Kỹ thuật lập trình', 0, 'T5', 'tanhank2k', CAST('2021-11-23T20:24:56.2520625' AS DATETIME(6)), 'tanhank2k', CAST('2021-11-23T20:24:56.2522317' AS DATETIME(6)), 'P8TSL5HVMOIQBNFGF5A1');
INSERT Course (`Id`, `SubjectId`, `GradeId`, `Title`, `Description`, `Credits`, `Schedule`, `CreateBy`, `CreateOn`, `UpdateBy`, `UpdateOn`, `CourseCode`) VALUES (5, 0, 0, 'Nhập môn Công nghệ phần mềm', 'Nhập môn Công nghệ phần mềm', 0, 'T2', 'tanhank2k', CAST('2021-11-23T21:43:38.8576726' AS DATETIME(6)), 'tanhank2k', CAST('2021-11-23T21:43:38.8577356' AS DATETIME(6)), 'S1R1EYZADW96N3CFDB82');
INSERT Course (`Id`, `SubjectId`, `GradeId`, `Title`, `Description`, `Credits`, `Schedule`, `CreateBy`, `CreateOn`, `UpdateBy`, `UpdateOn`, `CourseCode`) VALUES (6, 0, 0, 'Xác suất thống kê', 'Xác suất thống kê', 0, 'T6', 'panhhuu', CAST('2021-11-23T22:02:21.0866814' AS DATETIME(6)), 'panhhuu', CAST('2021-11-23T22:02:21.0866881' AS DATETIME(6)), '8R3RRF8HYS11WVZE7C06');
INSERT Course (`Id`, `SubjectId`, `GradeId`, `Title`, `Description`, `Credits`, `Schedule`, `CreateBy`, `CreateOn`, `UpdateBy`, `UpdateOn`, `CourseCode`) VALUES (7, 0, 0, 'Nhập môn lập trình', NULL, 0, NULL, 'tanhank2k', CAST('2021-11-24T10:57:33.4243473' AS DATETIME(6)), 'tanhank2k', CAST('2021-11-24T10:57:33.4244273' AS DATETIME(6)), 'KYW5VZ3SZIWECVUGNHVT');
INSERT Course (`Id`, `SubjectId`, `GradeId`, `Title`, `Description`, `Credits`, `Schedule`, `CreateBy`, `CreateOn`, `UpdateBy`, `UpdateOn`, `CourseCode`) VALUES (8, 0, 0, 'Toán lớp 1', NULL, 0, NULL, 'I59EY', CAST('2021-11-24T18:52:45.6358063' AS DATETIME(6)), 'I59EY', CAST('2021-11-24T18:52:45.6358617' AS DATETIME(6)), 'AQQVK4WY2WWSL40RTUH7');
INSERT Course (`Id`, `SubjectId`, `GradeId`, `Title`, `Description`, `Credits`, `Schedule`, `CreateBy`, `CreateOn`, `UpdateBy`, `UpdateOn`, `CourseCode`) VALUES (9, 0, 0, 'Toán lớp 2', NULL, 0, NULL, 'I59EY', CAST('2021-11-24T18:57:09.4874332' AS DATETIME(6)), 'I59EY', CAST('2021-11-24T18:57:09.4874341' AS DATETIME(6)), 'DSYYU45N2HM24ZAZ1LDT');
INSERT Course (`Id`, `SubjectId`, `GradeId`, `Title`, `Description`, `Credits`, `Schedule`, `CreateBy`, `CreateOn`, `UpdateBy`, `UpdateOn`, `CourseCode`) VALUES (10, 0, 0, 'Toán lớp 3', NULL, 0, NULL, 'I59EY', CAST('2021-11-24T19:02:00.8525035' AS DATETIME(6)), 'I59EY', CAST('2021-11-24T19:02:00.8525045' AS DATETIME(6)), 'EISS0P8C8WDYCFIQ8PWA');
INSERT Course (`Id`, `SubjectId`, `GradeId`, `Title`, `Description`, `Credits`, `Schedule`, `CreateBy`, `CreateOn`, `UpdateBy`, `UpdateOn`, `CourseCode`) VALUES (11, 0, 0, 'Tesst', NULL, 0, NULL, 'admin', CAST('2021-11-24T12:14:24.6915696' AS DATETIME(6)), 'admin', CAST('2021-11-24T12:14:24.6916461' AS DATETIME(6)), '36EKPQ68CDFSJ1XKXZT3');
INSERT Course (`Id`, `SubjectId`, `GradeId`, `Title`, `Description`, `Credits`, `Schedule`, `CreateBy`, `CreateOn`, `UpdateBy`, `UpdateOn`, `CourseCode`) VALUES (12, 0, 0, 'sadsada', NULL, 0, NULL, 'admin', CAST('2021-11-24T12:14:42.4439746' AS DATETIME(6)), 'admin', CAST('2021-11-24T12:14:42.4439760' AS DATETIME(6)), 'YX9ISX998J2EBYTCRAZC');
INSERT Course (`Id`, `SubjectId`, `GradeId`, `Title`, `Description`, `Credits`, `Schedule`, `CreateBy`, `CreateOn`, `UpdateBy`, `UpdateOn`, `CourseCode`) VALUES (13, 0, 0, 'Phương pháp tính', NULL, 0, NULL, 'test', CAST('2021-11-24T13:55:58.8429265' AS DATETIME(6)), 'test', CAST('2021-11-24T13:55:58.8429959' AS DATETIME(6)), 'ZGDR9B1FUXHID2UZMPOQ');
INSERT Course (`Id`, `SubjectId`, `GradeId`, `Title`, `Description`, `Credits`, `Schedule`, `CreateBy`, `CreateOn`, `UpdateBy`, `UpdateOn`, `CourseCode`) VALUES (14, 0, 0, 'MyClass', NULL, 0, NULL, 'dungle', CAST('2021-11-24T21:14:04.9241787' AS DATETIME(6)), 'dungle', CAST('2021-11-24T21:14:04.9242699' AS DATETIME(6)), '3539W2DUUU4TM9SBRZXS');
INSERT Course (`Id`, `SubjectId`, `GradeId`, `Title`, `Description`, `Credits`, `Schedule`, `CreateBy`, `CreateOn`, `UpdateBy`, `UpdateOn`, `CourseCode`) VALUES (15, 0, 0, 'Nhập môn lập trình', NULL, 0, NULL, 'Y0HBC', CAST('2021-11-30T16:30:35.8444919' AS DATETIME(6)), 'Y0HBC', CAST('2021-11-30T16:30:35.8445652' AS DATETIME(6)), 'CKJ6PV0TPLSJSXFHY3IT');
INSERT Course (`Id`, `SubjectId`, `GradeId`, `Title`, `Description`, `Credits`, `Schedule`, `CreateBy`, `CreateOn`, `UpdateBy`, `UpdateOn`, `CourseCode`) VALUES (16, 0, 0, 'Bài tập THTRR', NULL, 0, NULL, 'tanhank2k', CAST('2021-12-01T19:50:57.7850737' AS DATETIME(6)), 'tanhank2k', CAST('2021-12-01T19:50:57.7851341' AS DATETIME(6)), 'C8GTN7HWQDYBWYPX1I9P');


INSERT CourseStudent(`Id`, `CourseId`, `StudentId`, `StudentCode`, `CreateBy`, `CreateOn`, `UpdateBy`, `UpdateOn`) VALUES (1, 1, 1, '1', 'tanhank2k', CAST('2021-12-22T11:09:53.8263193' AS DATETIME(6)), 'tanhank2k', CAST('2021-12-22T11:09:53.8263226' AS DATETIME(6)));
INSERT CourseStudent (`Id`, `CourseId`, `StudentId`, `StudentCode`, `CreateBy`, `CreateOn`, `UpdateBy`, `UpdateOn`) VALUES (2, 1, 2, '2', 'tanhank2k', CAST('2021-12-22T11:09:53.8434257' AS DATETIME(6)), 'tanhank2k', CAST('2021-12-22T11:09:53.8434287' AS DATETIME(6)));
INSERT CourseStudent (`Id`, `CourseId`, `StudentId`, `StudentCode`, `CreateBy`, `CreateOn`, `UpdateBy`, `UpdateOn`) VALUES (3, 1, 3, '3', 'tanhank2k', CAST('2021-12-22T11:09:53.8435377' AS DATETIME(6)), 'tanhank2k', CAST('2021-12-22T11:09:53.8435383' AS DATETIME(6)));
INSERT CourseStudent (`Id`, `CourseId`, `StudentId`, `StudentCode`, `CreateBy`, `CreateOn`, `UpdateBy`, `UpdateOn`) VALUES (4, 2, 1, '1', 'tanhank2k', CAST('2021-12-22T11:10:20.7650103' AS DATETIME(6)), 'tanhank2k', CAST('2021-12-22T11:10:20.7650124' AS DATETIME(6)));
INSERT CourseStudent (`Id`, `CourseId`, `StudentId`, `StudentCode`, `CreateBy`, `CreateOn`, `UpdateBy`, `UpdateOn`) VALUES (5, 2, 2, '2', 'tanhank2k', CAST('2021-12-22T11:10:20.7652014' AS DATETIME(6)), 'tanhank2k', CAST('2021-12-22T11:10:20.7652020' AS DATETIME(6)));
INSERT CourseStudent (`Id`, `CourseId`, `StudentId`, `StudentCode`, `CreateBy`, `CreateOn`, `UpdateBy`, `UpdateOn`) VALUES (6, 2, 3, '3', 'tanhank2k', CAST('2021-12-22T11:10:20.7652384' AS DATETIME(6)), 'tanhank2k', CAST('2021-12-22T11:10:20.7652388' AS DATETIME(6)));
INSERT CourseStudent (`Id`, `CourseId`, `StudentId`, `StudentCode`, `CreateBy`, `CreateOn`, `UpdateBy`, `UpdateOn`) VALUES (7, 3, 1, '1', 'tanhank2k', CAST('2021-12-22T15:46:24.7949414' AS DATETIME(6)), 'tanhank2k', CAST('2021-12-22T15:46:24.7949465' AS DATETIME(6)));
INSERT CourseStudent (`Id`, `CourseId`, `StudentId`, `StudentCode`, `CreateBy`, `CreateOn`, `UpdateBy`, `UpdateOn`) VALUES (8, 3, 2, '2', 'tanhank2k', CAST('2021-12-22T15:46:24.7981233' AS DATETIME(6)), 'tanhank2k', CAST('2021-12-22T15:46:24.7981285' AS DATETIME(6)));
INSERT CourseStudent (`Id`, `CourseId`, `StudentId`, `StudentCode`, `CreateBy`, `CreateOn`, `UpdateBy`, `UpdateOn`) VALUES (9, 3, 3, '3', 'tanhank2k', CAST('2021-12-22T15:46:24.7982995' AS DATETIME(6)), 'tanhank2k', CAST('2021-12-22T15:46:24.7983016' AS DATETIME(6)));
INSERT CourseStudent (`Id`, `CourseId`, `StudentId`, `StudentCode`, `CreateBy`, `CreateOn`, `UpdateBy`, `UpdateOn`) VALUES (10, 1, 5, '5', 'tanhank2k', CAST('2021-12-22T21:37:37.6385160' AS DATETIME(6)), 'tanhank2k', CAST('2021-12-22T21:37:37.6385230' AS DATETIME(6)));
INSERT CourseStudent (`Id`, `CourseId`, `StudentId`, `StudentCode`, `CreateBy`, `CreateOn`, `UpdateBy`, `UpdateOn`) VALUES (11, 1, 4, '4', 'tanhank2k', CAST('2021-12-22T21:37:37.6047980' AS DATETIME(6)), 'tanhank2k', CAST('2021-12-22T21:37:37.6048700' AS DATETIME(6)));


INSERT  CourseUser (`Id`, `UserId`, `CourseId`, `Role`, `CreateBy`, `CreateOn`, `UpdateBy`, `UpdateOn`) VALUES (2, 15, 1, 1, NULL, CAST('0001-01-01T00:00:00.0000000' AS DATETIME(6)), NULL, CAST('0001-01-01T00:00:00.0000000' AS DATETIME(6)));
INSERT CourseUser (`Id`, `UserId`, `CourseId`, `Role`, `CreateBy`, `CreateOn`, `UpdateBy`, `UpdateOn`) VALUES (3, 15, 3, 1, NULL, CAST('0001-01-01T00:00:00.0000000' AS DATETIME(6)), NULL, CAST('0001-01-01T00:00:00.0000000' AS DATETIME(6)));
INSERT CourseUser (`Id`, `UserId`, `CourseId`, `Role`, `CreateBy`, `CreateOn`, `UpdateBy`, `UpdateOn`) VALUES (4, 15, 4, 1, NULL, CAST('0001-01-01T00:00:00.0000000' AS DATETIME(6)), NULL, CAST('0001-01-01T00:00:00.0000000' AS DATETIME(6)));
INSERT CourseUser (`Id`, `UserId`, `CourseId`, `Role`, `CreateBy`, `CreateOn`, `UpdateBy`, `UpdateOn`) VALUES (5, 15, 5, 1, NULL, CAST('0001-01-01T00:00:00.0000000' AS DATETIME(6)), NULL, CAST('0001-01-01T00:00:00.0000000' AS DATETIME(6)));
INSERT CourseUser (`Id`, `UserId`, `CourseId`, `Role`, `CreateBy`, `CreateOn`, `UpdateBy`, `UpdateOn`) VALUES (6, 5, 6, 1, NULL, CAST('0001-01-01T00:00:00.0000000' AS DATETIME(6)), NULL, CAST('0001-01-01T00:00:00.0000000' AS DATETIME(6)));
INSERT CourseUser (`Id`, `UserId`, `CourseId`, `Role`, `CreateBy`, `CreateOn`, `UpdateBy`, `UpdateOn`) VALUES (14, 7, 1, 2, 'tanhank2k', CAST('2021-11-24T13:09:50.4583743' AS DATETIME(6)), 'tanhank2k', CAST('2021-11-24T13:09:50.4583761' AS DATETIME(6)));
INSERT CourseUser (`Id`, `UserId`, `CourseId`, `Role`, `CreateBy`, `CreateOn`, `UpdateBy`, `UpdateOn`) VALUES (15, 15, 7, 1, NULL, CAST('0001-01-01T00:00:00.0000000' AS DATETIME(6)), NULL, CAST('0001-01-01T00:00:00.0000000' AS DATETIME(6)));
INSERT CourseUser (`Id`, `UserId`, `CourseId`, `Role`, `CreateBy`, `CreateOn`, `UpdateBy`, `UpdateOn`) VALUES (16, 8, 8, 1, NULL, CAST('0001-01-01T00:00:00.0000000' AS DATETIME(6)), NULL, CAST('0001-01-01T00:00:00.0000000' AS DATETIME(6)));
INSERT CourseUser (`Id`, `UserId`, `CourseId`, `Role`, `CreateBy`, `CreateOn`, `UpdateBy`, `UpdateOn`) VALUES (17, 8, 9, 1, NULL, CAST('0001-01-01T00:00:00.0000000' AS DATETIME(6)), NULL, CAST('0001-01-01T00:00:00.0000000' AS DATETIME(6)));
INSERT CourseUser (`Id`, `UserId`, `CourseId`, `Role`, `CreateBy`, `CreateOn`, `UpdateBy`, `UpdateOn`) VALUES (18, 8, 10, 1, NULL, CAST('0001-01-01T00:00:00.0000000' AS DATETIME(6)), NULL, CAST('0001-01-01T00:00:00.0000000' AS DATETIME(6)));
INSERT CourseUser (`Id`, `UserId`, `CourseId`, `Role`, `CreateBy`, `CreateOn`, `UpdateBy`, `UpdateOn`) VALUES (19, 2, 11, 1, NULL, CAST('0001-01-01T00:00:00.0000000' AS DATETIME(6)), NULL, CAST('0001-01-01T00:00:00.0000000' AS DATETIME(6)));
INSERT CourseUser (`Id`, `UserId`, `CourseId`, `Role`, `CreateBy`, `CreateOn`, `UpdateBy`, `UpdateOn`) VALUES (20, 2, 12, 1, NULL, CAST('0001-01-01T00:00:00.0000000' AS DATETIME(6)), NULL, CAST('0001-01-01T00:00:00.0000000' AS DATETIME(6)));
INSERT CourseUser (`Id`, `UserId`, `CourseId`, `Role`, `CreateBy`, `CreateOn`, `UpdateBy`, `UpdateOn`) VALUES (21, 15, 2, 2, 'tanhank2k', CAST('2021-11-24T19:47:22.7134936' AS DATETIME(6)), 'tanhank2k', CAST('2021-11-24T19:47:22.7136985' AS DATETIME(6)));
INSERT CourseUser (`Id`, `UserId`, `CourseId`, `Role`, `CreateBy`, `CreateOn`, `UpdateBy`, `UpdateOn`) VALUES (22, 4, 13, 1, NULL, CAST('0001-01-01T00:00:00.0000000' AS DATETIME(6)), NULL, CAST('0001-01-01T00:00:00.0000000' AS DATETIME(6)));
INSERT CourseUser (`Id`, `UserId`, `CourseId`, `Role`, `CreateBy`, `CreateOn`, `UpdateBy`, `UpdateOn`) VALUES (23, 14, 14, 1, NULL, CAST('0001-01-01T00:00:00.0000000' AS DATETIME(6)), NULL, CAST('0001-01-01T00:00:00.0000000' AS DATETIME(6)));
INSERT CourseUser (`Id`, `UserId`, `CourseId`, `Role`, `CreateBy`, `CreateOn`, `UpdateBy`, `UpdateOn`) VALUES (26, 14, 13, 2, 'dungle', CAST('2021-11-24T21:23:34.8357042' AS DATETIME(6)), 'dungle', CAST('2021-11-24T21:23:34.8357097' AS DATETIME(6)));
INSERT CourseUser (`Id`, `UserId`, `CourseId`, `Role`, `CreateBy`, `CreateOn`, `UpdateBy`, `UpdateOn`) VALUES (27, 9, 15, 1, NULL, CAST('0001-01-01T00:00:00.0000000' AS DATETIME(6)), NULL, CAST('0001-01-01T00:00:00.0000000' AS DATETIME(6)));
INSERT CourseUser (`Id`, `UserId`, `CourseId`, `Role`, `CreateBy`, `CreateOn`, `UpdateBy`, `UpdateOn`) VALUES (28, 15, 16, 1, NULL, CAST('0001-01-01T00:00:00.0000000' AS DATETIME(6)), NULL, CAST('0001-01-01T00:00:00.0000000' AS DATETIME(6)));
INSERT CourseUser (`Id`, `UserId`, `CourseId`, `Role`, `CreateBy`, `CreateOn`, `UpdateBy`, `UpdateOn`) VALUES (32, 4, 5, 2, 'test', CAST('2022-01-16T15:58:38.2140200' AS DATETIME(6)), 'test', CAST('2022-01-16T15:58:38.2140211' AS DATETIME(6)));
INSERT CourseUser (`Id`, `UserId`, `CourseId`, `Role`, `CreateBy`, `CreateOn`, `UpdateBy`, `UpdateOn`) VALUES (33, 4, 1, 2, 'test', CAST('2022-01-18T03:32:27.8086252' AS DATETIME(6)), 'test', CAST('2022-01-18T03:32:27.8086298' AS DATETIME(6)));

INSERT Grade (`Id`, `Name`, `Description`, `CreateBy`, `CreateOn`, `UpdateBy`, `UpdateOn`, `AssignmentId`, `GradeAssignment`, `IsFinalized`, `MSSV`, `StudentId`) VALUES (1, NULL, NULL, 'tanhank2k', CAST('2021-12-22T10:27:04.3551261' AS DATETIME(6)), 'tanhank2k', CAST('2021-12-22T20:33:09.9872060' AS DATETIME(6)), 1, 1, 0, '1', 1);
INSERT Grade (`Id`, `Name`, `Description`, `CreateBy`, `CreateOn`, `UpdateBy`, `UpdateOn`, `AssignmentId`, `GradeAssignment`, `IsFinalized`, `MSSV`, `StudentId`) VALUES (2, NULL, NULL, 'tanhank2k', CAST('2021-12-22T10:27:05.7830019' AS DATETIME(6)), 'tanhank2k', CAST('2021-12-22T20:33:09.9986360' AS DATETIME(6)), 1, 2, 0, '2', 2);
INSERT Grade (`Id`, `Name`, `Description`, `CreateBy`, `CreateOn`, `UpdateBy`, `UpdateOn`, `AssignmentId`, `GradeAssignment`, `IsFinalized`, `MSSV`, `StudentId`) VALUES (3, NULL, NULL, 'tanhank2k', CAST('2021-12-22T11:47:44.6463799' AS DATETIME(6)), 'tanhank2k', CAST('2021-12-22T17:38:58.1367957' AS DATETIME(6)), 2, 1, 0, '1', 1);
INSERT Grade (`Id`, `Name`, `Description`, `CreateBy`, `CreateOn`, `UpdateBy`, `UpdateOn`, `AssignmentId`, `GradeAssignment`, `IsFinalized`, `MSSV`, `StudentId`) VALUES (4, NULL, NULL, 'tanhank2k', CAST('2021-12-22T11:47:45.1051510' AS DATETIME(6)), 'tanhank2k', CAST('2021-12-22T17:38:58.1368125' AS DATETIME(6)), 2, 0, 0, '2', 2);
INSERT Grade (`Id`, `Name`, `Description`, `CreateBy`, `CreateOn`, `UpdateBy`, `UpdateOn`, `AssignmentId`, `GradeAssignment`, `IsFinalized`, `MSSV`, `StudentId`) VALUES (5, NULL, NULL, 'tanhank2k', CAST('2021-12-22T15:39:40.0101011' AS DATETIME(6)), 'tanhank2k', CAST('2021-12-22T15:39:40.0110727' AS DATETIME(6)), 3, 30, 0, '1', 1);
INSERT Grade (`Id`, `Name`, `Description`, `CreateBy`, `CreateOn`, `UpdateBy`, `UpdateOn`, `AssignmentId`, `GradeAssignment`, `IsFinalized`, `MSSV`, `StudentId`) VALUES (6, NULL, NULL, 'tanhank2k', CAST('2021-12-22T15:39:40.2980959' AS DATETIME(6)), 'tanhank2k', CAST('2021-12-22T15:39:40.2980990' AS DATETIME(6)), 3, 30, 0, '2', 2);
INSERT Grade (`Id`, `Name`, `Description`, `CreateBy`, `CreateOn`, `UpdateBy`, `UpdateOn`, `AssignmentId`, `GradeAssignment`, `IsFinalized`, `MSSV`, `StudentId`) VALUES (7, NULL, NULL, 'tanhank2k', CAST('2021-12-22T15:39:40.3448018' AS DATETIME(6)), 'tanhank2k', CAST('2021-12-22T15:39:40.3448044' AS DATETIME(6)), 3, 30, 0, '3', 3);
INSERT Grade (`Id`, `Name`, `Description`, `CreateBy`, `CreateOn`, `UpdateBy`, `UpdateOn`, `AssignmentId`, `GradeAssignment`, `IsFinalized`, `MSSV`, `StudentId`) VALUES (8, NULL, NULL, 'tanhank2k', CAST('2021-12-22T17:09:37.1370711' AS DATETIME(6)), 'tanhank2k', CAST('2021-12-22T20:33:10.0003360' AS DATETIME(6)), 1, 3, 0, '3', 3);
INSERT Grade (`Id`, `Name`, `Description`, `CreateBy`, `CreateOn`, `UpdateBy`, `UpdateOn`, `AssignmentId`, `GradeAssignment`, `IsFinalized`, `MSSV`, `StudentId`) VALUES (9, NULL, NULL, 'tanhank2k', CAST('2021-12-22T17:10:26.7944782' AS DATETIME(6)), 'tanhank2k', CAST('2021-12-22T17:38:58.1368158' AS DATETIME(6)), 2, 222, 0, '3', 3);
INSERT Grade (`Id`, `Name`, `Description`, `CreateBy`, `CreateOn`, `UpdateBy`, `UpdateOn`, `AssignmentId`, `GradeAssignment`, `IsFinalized`, `MSSV`, `StudentId`) VALUES (10, NULL, NULL, 'tanhank2k', CAST('2021-12-22T18:16:04.7967723' AS DATETIME(6)), 'tanhank2k', CAST('2021-12-22T19:42:49.0803711' AS DATETIME(6)), 5, 110, 0, '1', 1);


INSERT GradeReview (`Id`, `GradeExpect`, `Message`, `StudentId`, `GradeId`, `Status`, `CreateBy`, `CreateOn`, `UpdateBy`, `UpdateOn`)
VALUES (3, 100, 'Test request grade review', 1, 1, 1, '677SG', CAST('2022-01-16T16:24:17.5140334' AS DATETIME(6)), '677SG', CAST('2022-01-16T16:24:17.5140374' AS DATETIME(6)));
INSERT GradeReview (`Id`, `GradeExpect`, `Message`, `StudentId`, `GradeId`, `Status`, `CreateBy`, `CreateOn`, `UpdateBy`, `UpdateOn`)
VALUES (5, 100, 'Điểm không xứng đáng', 1, 3, 1, '677SG', CAST('2022-01-16T16:46:29.8051289' AS DATETIME(6)), '677SG', CAST('2022-01-16T16:46:29.8055329' AS DATETIME(6)));
INSERT GradeReview (`Id`, `GradeExpect`, `Message`, `StudentId`, `GradeId`, `Status`, `CreateBy`, `CreateOn`, `UpdateBy`, `UpdateOn`)
VALUES (6, 100, 'Điểm cũ hơi thấp ạ', 2, 4, 1, 'test', CAST('2022-01-18T14:37:43.0946127' AS DATETIME(6)), 'test', CAST('2022-01-18T14:37:43.0946724' AS DATETIME(6)));


INSERT Notification (`Id`, `UserId`, `IsSeen`, `SenderName`, `TypeNotification`, `Message`, `CreateBy`, `CreateOn`, `UpdateBy`, `UpdateOn`, `CourseId`, `GradeId`, `GradeReviewId`) VALUES (5, 15, 1, 'Bùi Tấn Hạnh', 2, 'Bùi Tấn Hạnh comment in request grade review for assignment Bài tập tuần 1 đã sửa', '677SG', CAST('2022-01-17T16:49:18.6234415' AS DATETIME(6)), '677SG', CAST('2022-01-17T16:49:18.6234425' AS DATETIME(6)), 1, 1, 2);
INSERT Notification (`Id`, `UserId`, `IsSeen`, `SenderName`, `TypeNotification`, `Message`, `CreateBy`, `CreateOn`, `UpdateBy`, `UpdateOn`, `CourseId`, `GradeId`, `GradeReviewId`) VALUES (7, 7, 1, 'tanhank2k', 1, 'BÙI TẤN HẠNH comment in your request grade review for assignment Bài tập tuần 1 đã sửa', 'tanhank2k', CAST('2022-01-17T16:56:08.3498612' AS DATETIME(6)), 'tanhank2k', CAST('2022-01-17T16:56:08.3498642' AS DATETIME(6)), 1, 1, 2);
INSERT Notification (`Id`, `UserId`, `IsSeen`, `SenderName`, `TypeNotification`, `Message`, `CreateBy`, `CreateOn`, `UpdateBy`, `UpdateOn`, `CourseId`, `GradeId`, `GradeReviewId`) VALUES (8, 7, 1, 'tanhank2k', 1, 'BÙI TẤN HẠNH comment in your request grade review for assignment Bài tập tuần 1 đã sửa', 'tanhank2k', CAST('2022-01-17T17:12:41.1627345' AS DATETIME(6)), 'tanhank2k', CAST('2022-01-17T17:12:41.1627351' AS DATETIME(6)), 1, 1, 2);
INSERT Notification (`Id`, `UserId`, `IsSeen`, `SenderName`, `TypeNotification`, `Message`, `CreateBy`, `CreateOn`, `UpdateBy`, `UpdateOn`, `CourseId`, `GradeId`, `GradeReviewId`) VALUES (9, 7, 1, 'tanhank2k', 1, 'BÙI TẤN HẠNH comment in your request grade review for assignment Bài tập tuần 1 đã sửa', 'tanhank2k', CAST('2022-01-17T17:17:36.7265010' AS DATETIME(6)), 'tanhank2k', CAST('2022-01-17T17:17:36.7265015' AS DATETIME(6)), 1, 1, 2);
INSERT Notification (`Id`, `UserId`, `IsSeen`, `SenderName`, `TypeNotification`, `Message`, `CreateBy`, `CreateOn`, `UpdateBy`, `UpdateOn`, `CourseId`, `GradeId`, `GradeReviewId`) VALUES (10, 15, 1, 'Bùi Tấn Hạnh', 2, 'Bùi Tấn Hạnh comment in request grade review for assignment Bài tập tuần 1 đã sửa', 'tanhank2k', CAST('2022-01-18T03:16:39.5417588' AS DATETIME(6)), 'tanhank2k', CAST('2022-01-18T03:16:39.5417596' AS DATETIME(6)), 1, 1, 2);
INSERT Notification (`Id`, `UserId`, `IsSeen`, `SenderName`, `TypeNotification`, `Message`, `CreateBy`, `CreateOn`, `UpdateBy`, `UpdateOn`, `CourseId`, `GradeId`, `GradeReviewId`) VALUES (11, 15, 1, 'Bùi Tấn Hạnh', 2, 'Bùi Tấn Hạnh comment in request grade review for assignment Bài tập tuần 1 đã sửa', 'tanhank2k', CAST('2022-01-18T03:18:06.4174812' AS DATETIME(6)), 'tanhank2k', CAST('2022-01-18T03:18:06.4174813' AS DATETIME(6)), 1, 1, 2);
INSERT Notification (`Id`, `UserId`, `IsSeen`, `SenderName`, `TypeNotification`, `Message`, `CreateBy`, `CreateOn`, `UpdateBy`, `UpdateOn`, `CourseId`, `GradeId`, `GradeReviewId`) VALUES (12, 7, 0, 'tanhank2k', 1, 'BÙI TẤN HẠNH comment in your request grade review for assignment Bài tập tuần 1 đã sửa', 'tanhank2k', CAST('2022-01-18T03:49:08.7367981' AS DATETIME(6)), 'tanhank2k', CAST('2022-01-18T03:49:08.7367983' AS DATETIME(6)), 1, 1, 2);
INSERT Notification (`Id`, `UserId`, `IsSeen`, `SenderName`, `TypeNotification`, `Message`, `CreateBy`, `CreateOn`, `UpdateBy`, `UpdateOn`, `CourseId`, `GradeId`, `GradeReviewId`) VALUES (13, 7, 0, 'tanhank2k', 1, 'BÙI TẤN HẠNH comment in your request grade review for assignment Bài tập tuần 1 đã sửa', 'tanhank2k', CAST('2022-01-18T03:49:39.9966649' AS DATETIME(6)), 'tanhank2k', CAST('2022-01-18T03:49:39.9966652' AS DATETIME(6)), 1, 1, 2);
INSERT Notification (`Id`, `UserId`, `IsSeen`, `SenderName`, `TypeNotification`, `Message`, `CreateBy`, `CreateOn`, `UpdateBy`, `UpdateOn`, `CourseId`, `GradeId`, `GradeReviewId`) VALUES (14, 7, 0, 'tanhank2k', 1, 'BÙI TẤN HẠNH comment in your request grade review for assignment Bài tập tuần 1 đã sửa', 'tanhank2k', CAST('2022-01-18T03:52:20.8383868' AS DATETIME(6)), 'tanhank2k', CAST('2022-01-18T03:52:20.8383869' AS DATETIME(6)), 1, 1, 2);
INSERT Notification (`Id`, `UserId`, `IsSeen`, `SenderName`, `TypeNotification`, `Message`, `CreateBy`, `CreateOn`, `UpdateBy`, `UpdateOn`, `CourseId`, `GradeId`, `GradeReviewId`) VALUES (15, 15, 1, 'Lê Quốc Dũng', 2, 'Lê Quốc Dũng create new grade review for ', 'test', CAST('2022-01-18T14:37:43.8252294' AS DATETIME(6)), 'test', CAST('2022-01-18T14:37:43.8252298' AS DATETIME(6)), 1, 4, 6);
INSERT Notification (`Id`, `UserId`, `IsSeen`, `SenderName`, `TypeNotification`, `Message`, `CreateBy`, `CreateOn`, `UpdateBy`, `UpdateOn`, `CourseId`, `GradeId`, `GradeReviewId`) VALUES (16, 15, 1, 'Lê Quốc Dũng', 2, 'Lê Quốc Dũng comment in request grade review for assignment Bài tập tuần 2 đã sửa', 'test', CAST('2022-01-18T14:39:55.2512250' AS DATETIME(6)), 'test', CAST('2022-01-18T14:39:55.2512251' AS DATETIME(6)), 1, 4, 6);
INSERT Notification (`Id`, `UserId`, `IsSeen`, `SenderName`, `TypeNotification`, `Message`, `CreateBy`, `CreateOn`, `UpdateBy`, `UpdateOn`, `CourseId`, `GradeId`, `GradeReviewId`) VALUES (17, 15, 1, 'Lê Quốc Dũng', 2, 'Lê Quốc Dũng comment in request grade review for assignment Bài tập tuần 2 đã sửa', 'test', CAST('2022-01-18T14:42:07.4582882' AS DATETIME(6)), 'test', CAST('2022-01-18T14:42:07.4582883' AS DATETIME(6)), 1, 4, 6);
INSERT Notification (`Id`, `UserId`, `IsSeen`, `SenderName`, `TypeNotification`, `Message`, `CreateBy`, `CreateOn`, `UpdateBy`, `UpdateOn`, `CourseId`, `GradeId`, `GradeReviewId`) VALUES (18, 15, 0, 'Lê Quốc Dũng', 2, 'Lê Quốc Dũng comment in request grade review for assignment Bài tập tuần 2 đã sửa', 'test', CAST('2022-01-18T17:28:30.3103097' AS DATETIME(6)), 'test', CAST('2022-01-18T17:28:30.3103109' AS DATETIME(6)), 1, 4, 6);
INSERT Notification (`Id`, `UserId`, `IsSeen`, `SenderName`, `TypeNotification`, `Message`, `CreateBy`, `CreateOn`, `UpdateBy`, `UpdateOn`, `CourseId`, `GradeId`, `GradeReviewId`) VALUES (19, 15, 0, 'Lê Quốc Dũng', 2, 'Lê Quốc Dũng comment in request grade review for assignment Bài tập tuần 2 đã sửa', 'test', CAST('2022-01-18T17:28:51.4774562' AS DATETIME(6)), 'test', CAST('2022-01-18T17:28:51.4774563' AS DATETIME(6)), 1, 4, 6);
INSERT Notification (`Id`, `UserId`, `IsSeen`, `SenderName`, `TypeNotification`, `Message`, `CreateBy`, `CreateOn`, `UpdateBy`, `UpdateOn`, `CourseId`, `GradeId`, `GradeReviewId`) VALUES (20, 15, 0, 'Lê Quốc Dũng', 2, 'Lê Quốc Dũng comment in request grade review for assignment Bài tập tuần 2 đã sửa', 'test', CAST('2022-01-18T17:31:20.4462911' AS DATETIME(6)), 'test', CAST('2022-01-18T17:31:20.4462913' AS DATETIME(6)), 1, 4, 6);
INSERT Notification (`Id`, `UserId`, `IsSeen`, `SenderName`, `TypeNotification`, `Message`, `CreateBy`, `CreateOn`, `UpdateBy`, `UpdateOn`, `CourseId`, `GradeId`, `GradeReviewId`) VALUES (21, 15, 0, 'Lê Quốc Dũng', 2, 'Lê Quốc Dũng comment in request grade review for assignment Bài tập tuần 2 đã sửa', 'test', CAST('2022-01-18T17:32:27.5995201' AS DATETIME(6)), 'test', CAST('2022-01-18T17:32:27.5995203' AS DATETIME(6)), 1, 4, 6);
INSERT Notification (`Id`, `UserId`, `IsSeen`, `SenderName`, `TypeNotification`, `Message`, `CreateBy`, `CreateOn`, `UpdateBy`, `UpdateOn`, `CourseId`, `GradeId`, `GradeReviewId`) VALUES (22, 15, 0, 'Lê Quốc Dũng', 2, 'Lê Quốc Dũng comment in request grade review for assignment Bài tập tuần 2 đã sửa', 'test', CAST('2022-01-18T17:52:34.2884883' AS DATETIME(6)), 'test', CAST('2022-01-18T17:52:34.2884885' AS DATETIME(6)), 1, 4, 6);
INSERT Notification (`Id`, `UserId`, `IsSeen`, `SenderName`, `TypeNotification`, `Message`, `CreateBy`, `CreateOn`, `UpdateBy`, `UpdateOn`, `CourseId`, `GradeId`, `GradeReviewId`) VALUES (23, 7, 0, 'tanhank2k', 1, 'BÙI TẤN HẠNH comment in your request grade review for assignment Bài tập tuần 1 đã sửa', 'tanhank2k', CAST('2022-01-18T18:37:06.3596778' AS DATETIME(6)), 'tanhank2k', CAST('2022-01-18T18:37:06.3596781' AS DATETIME(6)), 1, 1, 2);
INSERT Notification (`Id`, `UserId`, `IsSeen`, `SenderName`, `TypeNotification`, `Message`, `CreateBy`, `CreateOn`, `UpdateBy`, `UpdateOn`, `CourseId`, `GradeId`, `GradeReviewId`) VALUES (24, 7, 0, 'tanhank2k', 1, 'BÙI TẤN HẠNH comment in your request grade review for assignment Bài tập tuần 1 đã sửa', 'tanhank2k', CAST('2022-01-18T18:37:32.9076687' AS DATETIME(6)), 'tanhank2k', CAST('2022-01-18T18:37:32.9076689' AS DATETIME(6)), 1, 1, 2);
INSERT Notification (`Id`, `UserId`, `IsSeen`, `SenderName`, `TypeNotification`, `Message`, `CreateBy`, `CreateOn`, `UpdateBy`, `UpdateOn`, `CourseId`, `GradeId`, `GradeReviewId`) VALUES (25, 7, 0, 'tanhank2k', 1, 'BÙI TẤN HẠNH comment in your request grade review for assignment Bài tập tuần 1 đã sửa', 'tanhank2k', CAST('2022-01-18T18:37:48.7460174' AS DATETIME(6)), 'tanhank2k', CAST('2022-01-18T18:37:48.7460175' AS DATETIME(6)), 1, 1, 2);
INSERT Notification (`Id`, `UserId`, `IsSeen`, `SenderName`, `TypeNotification`, `Message`, `CreateBy`, `CreateOn`, `UpdateBy`, `UpdateOn`, `CourseId`, `GradeId`, `GradeReviewId`) VALUES (26, 7, 0, 'tanhank2k', 1, 'BÙI TẤN HẠNH comment in your request grade review for assignment Bài tập tuần 1 đã sửa', 'tanhank2k', CAST('2022-01-18T18:38:01.5417065' AS DATETIME(6)), 'tanhank2k', CAST('2022-01-18T18:38:01.5417066' AS DATETIME(6)), 1, 1, 2);
INSERT Notification (`Id`, `UserId`, `IsSeen`, `SenderName`, `TypeNotification`, `Message`, `CreateBy`, `CreateOn`, `UpdateBy`, `UpdateOn`, `CourseId`, `GradeId`, `GradeReviewId`) VALUES (27, 7, 0, 'tanhank2k', 1, 'BÙI TẤN HẠNH comment in your request grade review for assignment Bài tập tuần 1 đã sửa', 'tanhank2k', CAST('2022-01-18T18:50:31.2967877' AS DATETIME(6)), 'tanhank2k', CAST('2022-01-18T18:50:31.2967878' AS DATETIME(6)), 1, 1, 2);
INSERT Notification (`Id`, `UserId`, `IsSeen`, `SenderName`, `TypeNotification`, `Message`, `CreateBy`, `CreateOn`, `UpdateBy`, `UpdateOn`, `CourseId`, `GradeId`, `GradeReviewId`) VALUES (28, 7, 0, 'tanhank2k', 1, 'BÙI TẤN HẠNH comment in your request grade review for assignment Bài tập tuần 1 đã sửa', 'tanhank2k', CAST('2022-01-18T18:50:40.6439694' AS DATETIME(6)), 'tanhank2k', CAST('2022-01-18T18:50:40.6439694' AS DATETIME(6)), 1, 1, 2);

INSERT ReviewComment(`Id`, `Message`, `StudentId`, `TeacherId`, `GradeReviewId`, `CreateBy`, `CreateOn`, `UpdateBy`, `UpdateOn`) VALUES (3, 'Student comment update', 1, 0, 2, '677SG', CAST('2022-01-16T17:27:50.5852790' AS DATETIME(6)), '677SG', CAST('2022-01-17T16:44:36.5077925' AS DATETIME(6)));
INSERT ReviewComment (`Id`, `Message`, `StudentId`, `TeacherId`, `GradeReviewId`, `CreateBy`, `CreateOn`, `UpdateBy`, `UpdateOn`) VALUES (7, 'Em muốn nâng điểm', 1, 0, 2, '677SG', CAST('2022-01-16T18:41:58.9655323' AS DATETIME(6)), '677SG', CAST('2022-01-16T18:41:58.9658762' AS DATETIME(6)));
INSERT ReviewComment (`Id`, `Message`, `StudentId`, `TeacherId`, `GradeReviewId`, `CreateBy`, `CreateOn`, `UpdateBy`, `UpdateOn`) VALUES (12, 'Em cảm ơn thầy', 1, 0, 2, '677SG', CAST('2022-01-17T16:45:39.3822280' AS DATETIME(6)), '677SG', CAST('2022-01-17T16:45:39.3822880' AS DATETIME(6)));
INSERT ReviewComment (`Id`, `Message`, `StudentId`, `TeacherId`, `GradeReviewId`, `CreateBy`, `CreateOn`, `UpdateBy`, `UpdateOn`) VALUES (13, 'Em cảm ơn thầy lần 1', 1, 0, 2, '677SG', CAST('2022-01-17T16:46:36.6611200' AS DATETIME(6)), '677SG', CAST('2022-01-17T16:46:36.6611230' AS DATETIME(6)));
INSERT ReviewComment (`Id`, `Message`, `StudentId`, `TeacherId`, `GradeReviewId`, `CreateBy`, `CreateOn`, `UpdateBy`, `UpdateOn`) VALUES (14, 'Em cảm ơn thầy lần 2', 1, 0, 2, '677SG', CAST('2022-01-17T16:49:13.0432333' AS DATETIME(6)), '677SG', CAST('2022-01-17T16:49:13.0441360' AS DATETIME(6)));
INSERT ReviewComment (`Id`, `Message`, `StudentId`, `TeacherId`, `GradeReviewId`, `CreateBy`, `CreateOn`, `UpdateBy`, `UpdateOn`) VALUES (29, '<p>google .com okeman</p>
', 2, 0, 6, 'test', CAST('2022-01-18T17:32:26.6147633' AS DATETIME(6)), 'test', CAST('2022-01-18T17:32:34.7045948' AS DATETIME(6)));
INSERT ReviewComment (`Id`, `Message`, `StudentId`, `TeacherId`, `GradeReviewId`, `CreateBy`, `CreateOn`, `UpdateBy`, `UpdateOn`) VALUES (30, '<p>asdsadadas</p>
', 2, 0, 6, 'test', CAST('2022-01-18T17:52:33.5652626' AS DATETIME(6)), 'test', CAST('2022-01-18T17:52:33.5652640' AS DATETIME(6)));
INSERT ReviewComment (`Id`, `Message`, `StudentId`, `TeacherId`, `GradeReviewId`, `CreateBy`, `CreateOn`, `UpdateBy`, `UpdateOn`) VALUES (36, '<p>oke em</p>
', 0, 15, 2, 'tanhank2k', CAST('2022-01-18T18:50:39.6491881' AS DATETIME(6)), 'tanhank2k', CAST('2022-01-18T18:53:40.3397310' AS DATETIME(6)));


INSERT Student (`Id`, `MiddleName`, `StudentID`, `FirstName`, `LastName`, `DateOfBird`, `Phone`, `CreateBy`, `CreateOn`, `UpdateBy`, `UpdateOn`, `FullName`, `UserId`) VALUES (1, NULL, '1', NULL, NULL, CAST('0001-01-01T00:00:00.0000000' AS DATETIME(6)), NULL, 'tanhank2k', CAST('2021-12-22T10:27:03.2874108' AS DATETIME(6)), 'tanhank2k', CAST('2021-12-22T15:46:24.0726509' AS DATETIME(6)), 'Bùi Tấn Hạnh', 0);
INSERT Student (`Id`, `MiddleName`, `StudentID`, `FirstName`, `LastName`, `DateOfBird`, `Phone`, `CreateBy`, `CreateOn`, `UpdateBy`, `UpdateOn`, `FullName`, `UserId`) VALUES (2, NULL, '2', NULL, NULL, CAST('0001-01-01T00:00:00.0000000' AS DATETIME(6)), NULL, 'tanhank2k', CAST('2021-12-22T10:27:04.6543721' AS DATETIME(6)), 'tanhank2k', CAST('2021-12-22T15:46:24.0737084' AS DATETIME(6)), 'Lê Quốc Dũng', 0);
INSERT Student (`Id`, `MiddleName`, `StudentID`, `FirstName`, `LastName`, `DateOfBird`, `Phone`, `CreateBy`, `CreateOn`, `UpdateBy`, `UpdateOn`, `FullName`, `UserId`) VALUES (3, NULL, '3', NULL, NULL, CAST('0001-01-01T00:00:00.0000000' AS DATETIME(6)), NULL, 'tanhank2k', CAST('2021-12-22T11:09:51.7610821' AS DATETIME(6)), 'tanhank2k', CAST('2021-12-22T15:46:24.0737799' AS DATETIME(6)), 'Phạm Minh Anh Hữu', 0);
INSERT Student (`Id`, `MiddleName`, `StudentID`, `FirstName`, `LastName`, `DateOfBird`, `Phone`, `CreateBy`, `CreateOn`, `UpdateBy`, `UpdateOn`, `FullName`, `UserId`) VALUES (4, NULL, '4', NULL, NULL, CAST('0001-01-01T00:00:00.0000000' AS DATETIME(6)), NULL, 'tanhank2k', CAST('2021-12-22T21:37:36.8156270' AS DATETIME(6)), 'tanhank2k', CAST('2021-12-22T21:37:36.8166830' AS DATETIME(6)), 'Thằng nào đó', 0);
INSERT Student (`Id`, `MiddleName`, `StudentID`, `FirstName`, `LastName`, `DateOfBird`, `Phone`, `CreateBy`, `CreateOn`, `UpdateBy`, `UpdateOn`, `FullName`, `UserId`) VALUES (5, NULL, '5', NULL, NULL, CAST('0001-01-01T00:00:00.0000000' AS DATETIME(6)), NULL, 'tanhank2k', CAST('2021-12-22T21:37:36.9057520' AS DATETIME(6)), 'tanhank2k', CAST('2021-12-22T21:37:36.9057730' AS DATETIME(6)), 'Ahihi', 0);


INSERT StudentNotification(`Id`, `StudentId`, `CreateBy`, `CreateOn`, `UpdateBy`, `UpdateOn`, `IsSeen`, `SenderName`, `TypeNotification`, `Message`, `UserId`) VALUES (2, 1, 'tanhank2k', CAST('2022-01-16T18:50:21.4022150' AS DATETIME(6)), 'tanhank2k', CAST('2022-01-16T18:50:21.4022184' AS DATETIME(6)), 0, NULL, 0, 'BÙI TẤN HẠNH comment in your request grade review for assignment Bài tập tuần 1 đã sửa', 0);


INSERT TeacherNotification (`Id`, `TeacherId`, `CreateBy`, `CreateOn`, `UpdateBy`, `UpdateOn`, `IsSeen`, `SenderName`, `TypeNotification`, `Message`, `UserId`) VALUES (1, 1, '677SG', CAST('2022-01-16T16:47:09.2173027' AS DATETIME(6)), '677SG', CAST('2022-01-16T16:47:09.2173102' AS DATETIME(6)), 0, NULL, 0, 'Bùi Tấn Hạnh create new grade review for ', 0);
INSERT TeacherNotification (`Id`, `TeacherId`, `CreateBy`, `CreateOn`, `UpdateBy`, `UpdateOn`, `IsSeen`, `SenderName`, `TypeNotification`, `Message`, `UserId`) VALUES (2, 1, '677SG', CAST('2022-01-16T18:42:00.1375211' AS DATETIME(6)), '677SG', CAST('2022-01-16T18:42:00.1375233' AS DATETIME(6)), 0, NULL, 0, 'Bùi Tấn Hạnh comment in request grade review for assignment Bài tập tuần 1 đã sửa', 0);
SET foreign_key_checks = 1;